{
	"pattrstorage" : 	{
		"name" : "tracksContent",
		"slots" : 		{
			"1" : 			{
				"id" : 1,
				"data" : 				{
					"slidecarrierFreq::carrierFreq" : [ 10000.0, 100.0, 400.0, 0.0, 134.883720930232556, 0, 3194.614443084455161, 134.883720930232556, 0, 4516.523867809057265, 162.790697674418595, 0, 5609.95512035903721, 120.930232558139537, 0, 6687.066503467972325, 169.767441860465112, 0, 7388.820889432884542, 120.930232558139537, 0, 7552.019583843329201, 379.069767441860449, 0, 7780.49775601795227, 141.860465116279073, 0, 10000.0, 100.0, 0, "linear" ],
					"slideenv::env" : [ 10000.0, 0.0, 1.0, 0.0, 0.0, 0, 240.718074255405952, 0.953488372093023, 0, 550.795593635250953, 0.441860465116279, 0, 1921.664626682986636, 0.046511627906977, 0, 2280.701754385964705, 0.674418604651163, 0, 2525.499796001632149, 0.093023255813953, 0, 2949.816401468788172, 0.302325581395349, 0, 3292.53365973072232, 0.186046511627907, 0, 3929.008567931456582, 0.046511627906977, 0, 5609.95512035903721, 0.348837209302326, 0, 6279.069767441860677, 1.0, 0, 6393.308853529171756, 0.116279069767442, 0, 7176.662586699306303, 0.093023255813953, 0, 7584.659322725417951, 0.744186046511628, 0, 7911.05671154630727, 0.162790697674419, 0, 8873.929008567931305, 1.0, 0, 10000.0, 0.0, 0, "linear" ],
					"slideharmonicityRatio::harmonicityRatio" : [ 10000.0, 0.0, 3.0, 0.0, 0.558139534883721, 0, 93.83924928600571, 2.232558139534884, 0, 583.435332517339816, 1.395348837209302, 0, 3488.372093023255729, 0.0, 0, 6262.749898000815847, 1.883720930232558, 0, 6801.305589555283404, 1.534883720930233, 0, 8759.689922480620226, 1.186046511627907, 0, 10000.0, 0.0, 0, "linear" ],
					"slidemodulationIndex::modulationIndex" : [ 10000.0, 0.0, 10.0, 0.0, 0.0, 0, 208.078335373317003, 0.697674418604651, 0, 403.916768665850668, 3.255813953488372, 0, 1024.071807425540555, 6.511627906976744, 0, 2231.74214606283158, 2.790697674418605, 0, 6066.911464708282438, 7.674418604651163, 0, 6540.187678498571586, 2.325581395348837, 0, 7503.059975520195621, 0.930232558139535, 0, 7682.57853937168511, 10.0, 0, 8221.134230926152668, 3.953488372093023, 0, 9020.807833537332044, 4.186046511627907, 0, 10000.0, 0.0, 0, "linear" ]
				}

			}

		}

	}

}
